-- Inserting  Order Details
INSERT INTO Order_Details (customer_id, product_id, order_date, quantity, price, total_price) VALUES
(1, 3, '2023-01-15', 1, 599.99, 599.99),
(2, 5, '2023-01-16', 2, 180.00, 360.00),
(3, 8, '2023-01-17', 1, 249.99, 249.99),
(4, 12, '2023-01-18', 3, 15.00, 45.00),
(5, 15, '2023-01-19', 1, 79.99, 79.99),
(6, 18, '2023-01-20', 1, 599.99, 599.99),
(7, 21, '2023-01-21', 2, 150.00, 300.00),
(8, 24, '2023-01-22', 1, 89.99, 89.99),
(9, 27, '2023-01-23', 1, 999.99, 999.99),
(10, 30, '2023-01-24', 1, 149.99, 149.99),
(11, 33, '2023-01-25', 1, 900.00, 900.00),
(12, 36, '2023-01-26', 1, 150.00, 150.00),
(13, 39, '2023-01-27', 1, 999.00, 999.00),
(14, 42, '2023-01-28', 1, 179.99, 179.99),
(15, 45, '2023-01-29', 1, 59.99, 59.99),
(16, 48, '2023-01-30', 1, 300.00, 300.00),
(17, 51, '2023-01-31', 1, 600.00, 600.00),
(18, 2, '2023-02-01', 1, 999.99, 999.99),
(19, 4, '2023-02-02', 1, 120.00, 120.00),
(20, 6, '2023-02-03', 2, 50.00, 100.00);

-- Inserting Shipping Records
INSERT INTO Shipping (order_id, shipping_address, shipping_date, delivery_date, status) VALUES
(1, '123 Main St, Dhaka', '2023-01-16', '2023-01-20', 'Delivered'),
(2, '456 Park Ave, Chittagong', '2023-01-17', '2023-01-22', 'Delivered'),
(3, '789 Market Rd, Sylhet', '2023-01-18', '2023-01-23', 'Delivered'),
(4, '101 Hill St, Khulna', '2023-01-19', '2023-01-24', 'Delivered'),
(5, '202 River View, Rajshahi', '2023-01-20', '2023-01-25', 'Delivered'),
(6, '303 Garden Lane, Barisal', '2023-01-21', '2023-01-26', 'Delivered'),
(7, '404 Lake Side, Rangpur', '2023-01-22', '2023-01-27', 'Delivered'),
(8, '505 Mountain View, Mymensingh', '2023-01-23', '2023-01-28', 'Delivered'),
(9, '606 Ocean Drive, Comilla', '2023-01-24', '2023-01-29', 'Delivered'),
(10, '707 Sunset Blvd, Narayanganj', '2023-01-25', '2023-01-30', 'Delivered'),
(11, '808 Sunrise Ave, Gazipur', '2023-01-26', '2023-01-31', 'Delivered'),
(12, '909 Green Park, Bogura', '2023-01-27', '2023-02-01', 'Delivered'),
(13, '111 Blue Hill, Jessore', '2023-01-28', '2023-02-02', 'Delivered'),
(14, '222 Red Lane, Cox''s Bazar', '2023-01-29', '2023-02-03', 'Delivered'),
(15, '333 Yellow St, Dinajpur', '2023-01-30', '2023-02-04', 'Delivered'),
(16, '444 Purple Rd, Tangail', '2023-01-31', '2023-02-05', 'Delivered'),
(17, '555 Orange Ave, Pabna', '2023-02-01', '2023-02-06', 'Delivered'),
(18, '666 Silver St, Kushtia', '2023-02-02', '2023-02-07', 'Delivered'),
(19, '777 Gold Lane, Noakhali', '2023-02-03', '2023-02-08', 'Delivered'),
(20, '888 Diamond Rd, Faridpur', '2023-02-04', '2023-02-09', 'Delivered');

-- Inserting  Products
INSERT INTO Product (product_name, category_id, price, stock_quantity, description) VALUES
('Samsung Galaxy S21', 1, 799.99, 50, 'Latest Samsung smartphone with 5G and amazing camera'),
('Apple iPhone 13', 1, 999.99, 30, 'New iPhone with high performance and iOS features'),
('Sony 65" 4K Ultra HD TV', 1, 599.99, 20, 'Smart TV with 4K resolution and Netflix support'),
('Nike Air Max 2021', 2, 120.00, 100, 'Comfortable sneakers for running and everyday wear'),
('Adidas Ultraboost', 2, 180.00, 80, 'High-performance running shoes with boost technology'),
('Levi''s Men Jeans', 2, 50.00, 150, 'Stylish and comfortable jeans for men'),
('Philips 5000 Series Razor', 2, 45.00, 60, 'Electric razor with close shave for smooth skin'),
('KitchenAid Stand Mixer', 3, 249.99, 25, 'Powerful stand mixer for baking and cooking'),
('Samsung Refrigerator', 3, 899.99, 15, 'Smart refrigerator with touch screen and Wi-Fi'),
('Dyson V11 Vacuum Cleaner', 3, 699.99, 30, 'Cordless vacuum with powerful suction'),
('Loreal Paris Shampoo', 4, 10.00, 200, 'Shampoo for shiny and smooth hair'),
('Maybelline New York Lipstick', 4, 15.00, 250, 'Long-lasting lipstick with multiple shades'),
('Dove Body Wash', 4, 8.00, 180, 'Nourishing body wash with mild ingredients'),
('The Alchemist by Paulo Coelho', 5, 12.99, 150, 'Inspirational novel by Paulo Coelho'),
('The Catcher in the Rye', 5, 9.99, 120, 'Classic American novel by J.D. Salinger'),
('Harry Potter Box Set', 5, 79.99, 100, 'Complete Harry Potter series in box set'),
('Call of Duty: Warzone', 6, 50.00, 200, 'Popular first-person shooter video game'),
('Adidas Yoga Mat', 6, 30.00, 100, 'Non-slip mat for yoga and exercise'),
('Garmin Fenix 6X Pro', 6, 599.99, 50, 'Premium GPS smartwatch for outdoor activities'),
('Monopoly Board Game', 7, 25.00, 80, 'Classic family board game with real estate strategy');
